Epoch,Train_Loss,Test_Loss,LLC,Order_Parameter,Task,Seed,P
1,5.184002876281738,5.171082973480225,,0.02274205908179283,addition,43,113
2,5.145402431488037,5.134911060333252,,0.022741757333278656,addition,43,113
5,4.913216590881348,4.922700881958008,,0.022739198058843613,addition,43,113
10,4.780026912689209,4.846884727478027,,0.022734958678483963,addition,43,113
20,4.67860746383667,4.811364650726318,,0.022741880267858505,addition,43,113
50,4.388523578643799,5.097230911254883,,0.022775817662477493,addition,43,113
100,3.5007822513580322,6.731877326965332,,0.022630607709288597,addition,43,113
200,1.963455319404602,13.238853454589844,1454.5560302734375,0.02220999076962471,addition,43,113
500,0.8081318140029907,19.224634170532227,2277.65869140625,0.021431030705571175,addition,43,113
1000,0.0020648487843573093,27.90290069580078,2259.80224609375,0.022875698283314705,addition,43,113
1100,0.0007268479675985873,29.119413375854492,1924.4564208984375,0.023132141679525375,addition,43,113
1200,0.0002618756552692503,30.439603805541992,1637.8775634765625,0.023387368768453598,addition,43,113
1300,9.58317395998165e-05,31.829755783081055,1399.159423828125,0.02366083301603794,addition,43,113
1400,3.558855678420514e-05,33.23598098754883,1146.723876953125,0.023958349600434303,addition,43,113
1500,1.342717314400943e-05,34.63653564453125,960.48486328125,0.024281997233629227,addition,43,113
1600,5.337912170944037e-06,35.91487121582031,805.0448608398438,0.024655193090438843,addition,43,113
1700,2.2894373614690267e-06,37.06350326538086,693.406982421875,0.0250722486525774,addition,43,113
1800,1.1205042937945109e-06,37.998958587646484,638.6498413085938,0.025450466200709343,addition,43,113
1900,6.840369906058186e-07,38.47357177734375,552.9806518554688,0.025756577029824257,addition,43,113
2000,5.398343319029664e-07,38.43525695800781,506.56549072265625,0.026019610464572906,addition,43,113
2100,5.145607246959116e-07,38.02764892578125,500.3487854003906,0.026258748024702072,addition,43,113
2200,5.149964863448986e-07,37.50520324707031,479.3764343261719,0.02650085650384426,addition,43,113
2300,0.0013036883901804686,24.352521896362305,561.8402709960938,0.026683783158659935,addition,43,113
2400,0.008548645302653313,16.651309967041016,687.3997192382812,0.026837043464183807,addition,43,113
2500,0.005051209591329098,17.584726333618164,688.42724609375,0.027259159833192825,addition,43,113
2600,0.0018911580555140972,19.592174530029297,637.6476440429688,0.027820471674203873,addition,43,113
2700,0.0006816008826717734,21.612154006958008,623.2393798828125,0.028279628604650497,addition,43,113
2800,0.00024334498448297381,23.59819221496582,594.5121459960938,0.02872956171631813,addition,43,113
2900,8.725458610570058e-05,25.540645599365234,575.1615600585938,0.029132219031453133,addition,43,113
3000,3.14336757583078e-05,27.433849334716797,548.9716796875,0.029425524175167084,addition,43,113
3100,1.1638919204415288e-05,29.232389450073242,532.9295654296875,0.02967687137424946,addition,43,113
3200,4.516152785072336e-06,30.86484718322754,503.25274658203125,0.02991180680692196,addition,43,113
3300,1.8929355292129912e-06,32.277809143066406,500.0047912597656,0.030115336179733276,addition,43,113
3400,9.229532906829263e-07,33.37435531616211,460.5962829589844,0.030259236693382263,addition,43,113
3500,5.616841463051969e-07,34.03529357910156,445.8697204589844,0.030383942648768425,addition,43,113
3600,4.584732664625335e-07,34.03438186645508,442.341064453125,0.030501505360007286,addition,43,113
3700,4.319546462738799e-07,33.776756286621094,437.64825439453125,0.03062007762491703,addition,43,113
3800,4.2800175492629933e-07,33.48396682739258,437.8025817871094,0.030712949112057686,addition,43,113
3900,4.242044724378502e-07,33.240882873535156,438.3455505371094,0.03082120046019554,addition,43,113
4000,4.2249260445714754e-07,33.049739837646484,419.8874206542969,0.03093106299638748,addition,43,113
4100,4.227727288252936e-07,32.863739013671875,438.4778747558594,0.031034400686621666,addition,43,113
4200,4.6410690401899046e-07,32.72866439819336,432.744140625,0.03113478794693947,addition,43,113
4300,4.242667444032122e-07,32.599754333496094,434.63018798828125,0.03126291185617447,addition,43,113
4400,4.3425791318441043e-07,32.45920181274414,431.91290283203125,0.031371600925922394,addition,43,113
4500,4.3472476818351424e-07,32.35063934326172,446.4522399902344,0.03148842602968216,addition,43,113
4600,4.451516986136994e-07,32.242862701416016,449.3096618652344,0.03160489723086357,addition,43,113
4700,4.451516986136994e-07,32.170860290527344,436.7851257324219,0.03172237426042557,addition,43,113
4800,5.429394877864979e-05,32.38182830810547,450.5026550292969,0.03183654695749283,addition,43,113
4900,0.002602512016892433,18.572168350219727,579.548828125,0.031895238906145096,addition,43,113
5000,0.010503905825316906,14.243430137634277,702.7404174804688,0.032110415399074554,addition,43,113
5100,0.00496306549757719,15.69975471496582,677.3468017578125,0.0325588658452034,addition,43,113
5200,0.0018904750468209386,17.60457420349121,651.8191528320312,0.03285651654005051,addition,43,113
5300,0.0006953983101993799,19.560962677001953,614.4867553710938,0.03305404260754585,addition,43,113
5400,0.00025226164143532515,21.521474838256836,599.1654663085938,0.03323477879166603,addition,43,113
5500,9.117778245126829e-05,23.466737747192383,558.4017944335938,0.033359307795763016,addition,43,113
5600,3.317669325042516e-05,25.369382858276367,556.4209594726562,0.03346896916627884,addition,43,113
5700,1.2268787031644024e-05,27.213411331176758,534.3966674804688,0.03355884552001953,addition,43,113
5800,4.708877895609476e-06,28.916969299316406,498.1886291503906,0.03367837890982628,addition,43,113
5900,1.9430781321716495e-06,30.41407012939453,498.800048828125,0.03380418196320534,addition,43,113
6000,9.195606480716378e-07,31.573715209960938,464.4839782714844,0.03392671421170235,addition,43,113
6100,5.463083425638615e-07,32.259151458740234,440.4699401855469,0.034073568880558014,addition,43,113
6200,4.2554287915663735e-07,32.297767639160156,445.7456970214844,0.03421568498015404,addition,43,113
6300,4.042221348754538e-07,32.039649963378906,442.73736572265625,0.03433879837393761,addition,43,113
6400,4.0219902075477876e-07,31.75847053527832,445.00421142578125,0.034470442682504654,addition,43,113
6500,4.444980845619284e-07,31.510005950927734,464.7060546875,0.034574639052152634,addition,43,113
6600,0.015560592524707317,30.732257843017578,430.3689880371094,0.034647341817617416,addition,43,113
6700,0.0017146638128906488,17.89443016052246,599.5670776367188,0.03464324772357941,addition,43,113
6800,0.0032758195884525776,15.93264389038086,658.3055419921875,0.035637274384498596,addition,43,113
6900,0.0013138726353645325,17.757749557495117,658.0647583007812,0.03626055270433426,addition,43,113
7000,0.0004927849513478577,19.710464477539062,637.0722045898438,0.03664178401231766,addition,43,113
7100,0.00018076285778079182,21.676889419555664,635.6859130859375,0.03688443452119827,addition,43,113
7200,6.595090235350654e-05,23.631986618041992,633.3729858398438,0.03706367313861847,addition,43,113
7300,2.4220566047006287e-05,25.550189971923828,627.3721923828125,0.03716319426894188,addition,43,113
7400,9.041024895850569e-06,27.386701583862305,629.0287475585938,0.03722073510289192,addition,43,113
7500,3.5319799280841835e-06,29.066247940063477,614.7939453125,0.03728239983320236,addition,43,113
7600,1.5043699477246264e-06,30.512088775634766,608.695556640625,0.037346288561820984,addition,43,113
7700,7.489017548323318e-07,31.556089401245117,561.5639038085938,0.037405479699373245,addition,43,113
7800,4.81910490179871e-07,32.00740432739258,551.1867065429688,0.03746545687317848,addition,43,113
7900,4.118166714306426e-07,31.89466094970703,521.3577270507812,0.03752528876066208,addition,43,113
8000,0.0021668232511729,26.379270553588867,526.9620361328125,0.03782842680811882,addition,43,113
8100,0.005655668210238218,15.766277313232422,661.56689453125,0.037675730884075165,addition,43,113
8200,0.00703586358577013,14.552080154418945,709.7914428710938,0.03778369724750519,addition,43,113
8300,0.002814824692904949,16.203567504882812,676.4376831054688,0.03803990036249161,addition,43,113
8400,0.0010422245832160115,18.043935775756836,637.234130859375,0.038205165416002274,addition,43,113
8500,0.00037817886914126575,19.921146392822266,609.7598876953125,0.03834211081266403,addition,43,113
8600,0.00013643082638736814,21.806459426879883,581.9616088867188,0.03844207525253296,addition,43,113
8700,4.9358091928297654e-05,23.674142837524414,543.0941772460938,0.03852180764079094,addition,43,113
8800,1.806256295822095e-05,25.508935928344727,514.8425903320312,0.03857288509607315,addition,43,113
8900,6.788800874346634e-06,27.255046844482422,500.8926696777344,0.038649823516607285,addition,43,113
9000,2.692009047677857e-06,28.85346794128418,449.54833984375,0.038675613701343536,addition,43,113
9100,1.1834393944809563e-06,30.180606842041016,437.7220764160156,0.038682740181684494,addition,43,113
9200,6.225026254469412e-07,31.084888458251953,417.9171447753906,0.038711972534656525,addition,43,113
9300,4.2840636638175056e-07,31.38851547241211,398.0601501464844,0.038795046508312225,addition,43,113
9400,3.9283034425352525e-07,31.22585105895996,408.149658203125,0.0389239564538002,addition,43,113
9500,4.1841519760055235e-07,30.88294219970703,407.1283874511719,0.03910209238529205,addition,43,113
9600,4.20625099195604e-07,30.738187789916992,408.4103698730469,0.03928099945187569,addition,43,113
9700,4.492291054702946e-07,30.579532623291016,438.3671875,0.03945428133010864,addition,43,113
9800,0.0008697030716575682,22.046188354492188,532.9325561523438,0.04024785757064819,addition,43,113
9900,0.006556766573339701,14.450258255004883,675.4415893554688,0.04007761552929878,addition,43,113
10000,0.0046153743751347065,14.864031791687012,693.2994995117188,0.040438212454319,addition,43,113
10100,0.0017925361171364784,16.585229873657227,675.1367797851562,0.040864795446395874,addition,43,113
10200,0.0006647092523053288,18.415027618408203,679.5808715820312,0.04112844914197922,addition,43,113
10300,0.0002422374818706885,20.281757354736328,662.67236328125,0.0412919744849205,addition,43,113
10400,8.799439092399552e-05,22.159713745117188,682.9603271484375,0.041398998349905014,addition,43,113
10500,3.1987030524760485e-05,24.022184371948242,671.2145385742188,0.04148014262318611,addition,43,113
10600,1.1784484740928747e-05,25.835111618041992,662.1521606445312,0.04155224189162254,addition,43,113
10700,4.531870217761025e-06,27.540870666503906,638.3571166992188,0.04165603592991829,addition,43,113
10800,1.8617170098877978e-06,29.06982421875,649.4524536132812,0.041746772825717926,addition,43,113
10900,8.759856200413196e-07,30.27572250366211,616.7647705078125,0.041846003383398056,addition,43,113
11000,5.13066709117993e-07,30.97064208984375,591.4796142578125,0.04194987192749977,addition,43,113
11100,4.256984880157688e-07,30.994693756103516,561.1643676757812,0.04205434396862984,addition,43,113
11200,0.00249495985917747,18.186321258544922,614.875,0.04219036176800728,addition,43,113
11300,0.00898714829236269,13.778077125549316,729.7330322265625,0.042306773364543915,addition,43,113
11400,0.004235659260302782,14.996007919311523,698.3736572265625,0.04279318079352379,addition,43,113
11500,0.0015922125894576311,16.731861114501953,662.5897827148438,0.04313141852617264,addition,43,113
11600,0.0005793705931864679,18.525676727294922,630.61962890625,0.04339480772614479,addition,43,113
11700,0.00020886640413664281,20.33718490600586,604.453125,0.0436101034283638,addition,43,113
11800,7.524311513407156e-05,22.144052505493164,565.083984375,0.043784819543361664,addition,43,113
11900,2.7304646209813654e-05,23.922592163085938,544.4153442382812,0.04393909126520157,addition,43,113
12000,1.009964216791559e-05,25.653276443481445,523.5062866210938,0.04403077811002731,addition,43,113
12100,3.89629849451012e-06,27.266521453857422,513.0253295898438,0.04411895573139191,addition,43,113
12200,1.6163271538971458e-06,28.687572479248047,461.3638610839844,0.04422447457909584,addition,43,113
12300,7.739263878647762e-07,29.76567268371582,442.99951171875,0.04433954879641533,addition,43,113
12400,4.694293238571845e-07,30.34909439086914,425.69903564453125,0.04444301500916481,addition,43,113
12500,3.925502198853792e-07,30.364274978637695,418.7460021972656,0.04456356540322304,addition,43,113
12600,3.986196190908231e-07,30.10742950439453,414.9278259277344,0.044781532138586044,addition,43,113
12700,0.0008386641857214272,19.82891845703125,542.412109375,0.04478864744305611,addition,43,113
12800,0.005348603241145611,14.232108116149902,681.9320678710938,0.04509979858994484,addition,43,113
12900,0.002700377721339464,15.318603515625,667.688232421875,0.04562407359480858,addition,43,113
13000,0.0010359595762565732,16.991987228393555,667.0697631835938,0.04591849818825722,addition,43,113
13100,0.0003832280053757131,18.747028350830078,656.1834106445312,0.04612273722887039,addition,43,113
13200,0.00013998433132655919,20.533687591552734,667.0982666015625,0.0462283156812191,addition,43,113
13300,5.0951839511981234e-05,22.320491790771484,654.2296752929688,0.04628078266978264,addition,43,113
13400,1.8721717424341477e-05,24.08543586730957,659.6652221679688,0.04629859700798988,addition,43,113
13500,7.059462859615451e-06,25.780250549316406,672.2120361328125,0.046339359134435654,addition,43,113
13600,2.7914534257433843e-06,27.342052459716797,651.6381225585938,0.046405911445617676,addition,43,113
13700,1.2166807437097305e-06,28.675691604614258,630.8904418945312,0.04666981101036072,addition,43,113
13800,6.235920295694086e-07,29.642873764038086,596.7179565429688,0.04698958992958069,addition,43,113
13900,4.4175905600241094e-07,29.999719619750977,554.2371215820312,0.047301314771175385,addition,43,113
14000,3.8430204085670994e-07,29.802753448486328,551.7911987304688,0.047645051032304764,addition,43,113
14100,0.0011446293210610747,20.1690673828125,539.37890625,0.04808487370610237,addition,43,113
14200,0.010713478550314903,13.091890335083008,724.3309936523438,0.048429522663354874,addition,43,113
14300,0.008143287152051926,13.31667423248291,735.6649780273438,0.04879941791296005,addition,43,113
14400,0.0031961395870894194,14.877031326293945,720.0533447265625,0.049184247851371765,addition,43,113
14500,0.0011865157866850495,16.563203811645508,687.1643676757812,0.049535565078258514,addition,43,113
14600,0.00043172386358492076,18.299165725708008,657.7464599609375,0.04990888014435768,addition,43,113
14700,0.00015589140821248293,20.050565719604492,614.7406616210938,0.05024906247854233,addition,43,113
14800,5.634471381199546e-05,21.80243492126465,637.11474609375,0.050526414066553116,addition,43,113
14900,2.0530887923086993e-05,23.528684616088867,612.0137939453125,0.05079108849167824,addition,43,113
15000,7.67078745411709e-06,25.18378448486328,590.93408203125,0.05105739086866379,addition,43,113
15100,3.0134997359709814e-06,26.707416534423828,574.4557495117188,0.05130802094936371,addition,43,113
15200,1.2945247362949885e-06,28.02016830444336,538.7399291992188,0.05157662555575371,addition,43,113
15300,6.516668236145051e-07,28.963098526000977,499.3926696777344,0.05187743157148361,addition,43,113
15400,4.229283661061345e-07,29.38223648071289,489.9154357910156,0.05221422016620636,addition,43,113
15500,3.630747187344241e-07,29.30200958251953,479.8275451660156,0.052535686641931534,addition,43,113
15600,0.26874634623527527,29.521831512451172,155.1736297607422,0.0531405545771122,addition,43,113
15700,0.004403846804052591,15.410462379455566,632.0164184570312,0.0531131885945797,addition,43,113
15800,0.014795326627790928,12.113324165344238,756.8864135742188,0.05351753160357475,addition,43,113
15900,0.0070779286324977875,13.269035339355469,753.6791381835938,0.053737591952085495,addition,43,113
16000,0.002732023363932967,14.84196662902832,734.2562866210938,0.054007597267627716,addition,43,113
16100,0.0010123730171471834,16.510177612304688,705.1218872070312,0.05431108549237251,addition,43,113
16200,0.0003688695142045617,18.2241268157959,690.5143432617188,0.05459810793399811,addition,43,113
16300,0.000133419394842349,19.951295852661133,689.5401611328125,0.05489896237850189,addition,43,113
16400,4.8339796194341034e-05,21.677593231201172,671.2846069335938,0.05524017661809921,addition,43,113
16500,1.7693300833343528e-05,23.3767032623291,680.2755126953125,0.05560288205742836,addition,43,113
16600,6.6491747929831035e-06,25.004600524902344,662.4237670898438,0.05597358196973801,addition,43,113
16700,2.6496477403270546e-06,26.495250701904297,640.65625,0.05634351819753647,addition,43,113
16800,1.1645464610410272e-06,27.75294303894043,595.7604370117188,0.05672520399093628,addition,43,113
16900,6.048547334103205e-07,28.651470184326172,561.1244506835938,0.05716238543391228,addition,43,113
17000,3.9833949472267705e-07,28.99483871459961,519.2846069335938,0.05758834257721901,addition,43,113
17100,5.039780717197573e-07,28.826759338378906,523.1674194335938,0.058050982654094696,addition,43,113
17200,0.0020124022848904133,16.56256103515625,600.0042724609375,0.05835939943790436,addition,43,113
17300,0.007038312964141369,12.985921859741211,724.510009765625,0.059199631214141846,addition,43,113
17400,0.003174428129568696,14.190186500549316,704.9127807617188,0.060199346393346786,addition,43,113
17500,0.0012064292095601559,15.744037628173828,671.393798828125,0.060898683965206146,addition,43,113
17600,0.00044357884326018393,17.3685359954834,654.5879516601562,0.061484817415475845,addition,43,113
17700,0.00016089246491901577,19.010435104370117,631.5078125,0.06204158067703247,addition,43,113
17800,5.82328466407489e-05,20.646020889282227,617.8792724609375,0.06256270408630371,addition,43,113
17900,2.1219540940364823e-05,22.255142211914062,605.1121826171875,0.06303943693637848,addition,43,113
18000,7.909077794465702e-06,23.801605224609375,579.2008666992188,0.06350676715373993,addition,43,113
18100,3.0977548703958746e-06,25.22222900390625,571.4828491210938,0.06397468596696854,addition,43,113
18200,1.3217903642726014e-06,26.439716339111328,541.6536865234375,0.06441454589366913,addition,43,113
18300,6.601328550459584e-07,27.323312759399414,500.36212158203125,0.06488441675901413,addition,43,113
18400,4.1247031390412303e-07,27.736827850341797,465.8262634277344,0.06534796953201294,addition,43,113
18500,1.4854143728371128e-06,27.823183059692383,462.9810485839844,0.06586496531963348,addition,43,113
18600,0.002032135147601366,15.800704956054688,590.0781860351562,0.06683801859617233,addition,43,113
18700,0.00718532083556056,12.39465045928955,700.9952392578125,0.06764525175094604,addition,43,113
18800,0.0032090572640299797,13.599528312683105,680.6817016601562,0.06848522275686264,addition,43,113
18900,0.0012142813066020608,15.118088722229004,661.7894897460938,0.06917528063058853,addition,43,113
19000,0.0004446245147846639,16.692724227905273,621.4476928710938,0.06989220529794693,addition,43,113
19100,0.00016088096890598536,18.280948638916016,587.9756469726562,0.07057106494903564,addition,43,113
19200,5.8062898460775614e-05,19.845823287963867,568.3382568359375,0.07126442342996597,addition,43,113
19300,2.1123489204910584e-05,21.373279571533203,542.0910034179688,0.07197119295597076,addition,43,113
19400,7.86046075518243e-06,22.820159912109375,507.7336120605469,0.07272437959909439,addition,43,113
19500,3.0713297292095376e-06,24.127317428588867,487.1630859375,0.07349658757448196,addition,43,113
19600,1.3088111927572754e-06,25.22258758544922,479.2889709472656,0.07430525869131088,addition,43,113
19700,6.504529324047326e-07,25.97243881225586,426.8988952636719,0.07512085884809494,addition,43,113
19800,4.080505391357292e-07,26.241153717041016,410.8182678222656,0.07592564076185226,addition,43,113
19900,3.582191823170433e-07,26.046306610107422,402.72802734375,0.07680258899927139,addition,43,113
20000,0.0006125806248746812,17.706937789916992,498.98101806640625,0.07783803343772888,addition,43,113
20100,0.004905702546238899,12.103795051574707,628.4945678710938,0.07911266386508942,addition,43,113
20200,0.0027769848238676786,12.690539360046387,641.61767578125,0.08149075508117676,addition,43,113
20300,0.0010703768348321319,13.92387866973877,623.5662231445312,0.08318062871694565,addition,43,113
20400,0.00039591759559698403,15.209933280944824,582.8223876953125,0.0846589207649231,addition,43,113
20500,0.00014421909872908145,16.491138458251953,558.1178588867188,0.08604273200035095,addition,43,113
20600,5.2386847528396174e-05,17.749073028564453,536.6754760742188,0.08737783133983612,addition,43,113
20700,1.911643448693212e-05,18.950899124145508,530.7372436523438,0.0886954739689827,addition,43,113
20800,7.1428462433686946e-06,20.059762954711914,506.93310546875,0.09008472412824631,addition,43,113
20900,2.8063934678357327e-06,21.02570343017578,488.4276428222656,0.09143059700727463,addition,43,113
21000,1.210206846735673e-06,21.778902053833008,453.2494201660156,0.09272696822881699,addition,43,113
21100,6.083096195652615e-07,22.2232608795166,395.0385437011719,0.09395397454500198,addition,43,113
21200,3.854536885228299e-07,22.30536460876465,366.73907470703125,0.09501847624778748,addition,43,113
21300,5.770594952991814e-07,22.027090072631836,371.5643615722656,0.09614550322294235,addition,43,113
21400,0.00366531265899539,11.909765243530273,494.68505859375,0.09949322044849396,addition,43,113
21500,0.014433166943490505,8.732792854309082,616.6737060546875,0.10044459253549576,addition,43,113
21600,0.007680232636630535,9.109840393066406,586.3861694335938,0.1029883548617363,addition,43,113
21700,0.002939985366538167,9.907295227050781,538.7123413085938,0.10509279370307922,addition,43,113
21800,0.0010713610099628568,10.741211891174316,524.5211791992188,0.10696841776371002,addition,43,113
21900,0.00038340609171427786,11.555801391601562,475.0419006347656,0.10853981226682663,addition,43,113
22000,0.00013654938084073365,12.329177856445312,439.15185546875,0.10996221005916595,addition,43,113
22100,4.868940231972374e-05,13.041048049926758,406.86993408203125,0.1112389788031578,addition,43,113
22200,1.755861558194738e-05,13.668466567993164,369.78533935546875,0.11242938041687012,addition,43,113
22300,6.502450560219586e-06,14.170191764831543,333.41693115234375,0.11354448646306992,addition,43,113
22400,2.541892854424077e-06,14.509108543395996,309.5952453613281,0.11461128294467926,addition,43,113
22500,1.0930831422228948e-06,14.643559455871582,272.7050476074219,0.1157589927315712,addition,43,113
22600,5.564551202041912e-07,14.541590690612793,240.73912048339844,0.11682936549186707,addition,43,113
22700,3.5535566667022067e-07,14.23670768737793,220.74400329589844,0.11759138107299805,addition,43,113
22800,2.752395573679678e-07,13.84821605682373,201.41795349121094,0.11848927289247513,addition,43,113
22900,3.263470489400788e-07,13.272926330566406,216.70913696289062,0.12015416473150253,addition,43,113
23000,0.0004689046763814986,8.717449188232422,252.50698852539062,0.12198276817798615,addition,43,113
23100,0.004696606658399105,5.505517482757568,341.5579528808594,0.12282043695449829,addition,43,113
23200,0.003782348008826375,5.166437149047852,351.44720458984375,0.12607042491436005,addition,43,113
23300,0.0014669753145426512,5.17716646194458,320.2430725097656,0.1309202015399933,addition,43,113
23400,0.0005341033102013171,5.1290106773376465,293.5696716308594,0.13541902601718903,addition,43,113
23500,0.00018967012874782085,4.964076042175293,264.56475830078125,0.13963378965854645,addition,43,113
23600,6.673979078186676e-05,4.658623695373535,242.1927947998047,0.1436481773853302,addition,43,113
23700,2.3508084268542007e-05,4.215015888214111,211.3166046142578,0.14761365950107574,addition,43,113
23800,8.395362783630844e-06,3.6536049842834473,185.2878875732422,0.15154370665550232,addition,43,113
23900,3.1072465844772523e-06,2.9723401069641113,158.0755615234375,0.15845362842082977,addition,43,113
24000,1.2403356777213048e-06,2.2295053005218506,137.43663024902344,0.16612067818641663,addition,43,113
24100,5.738539812227827e-07,1.5579087734222412,110.93257141113281,0.1738697737455368,addition,43,113
24200,3.311714351639239e-07,1.0612208843231201,92.24198150634766,0.18091659247875214,addition,43,113
24300,2.3029488716019841e-07,0.731171190738678,77.57099914550781,0.18750415742397308,addition,43,113
24400,1.8267341772570944e-07,0.5082394480705261,69.18425750732422,0.19547836482524872,addition,43,113
24500,0.0008418093202635646,0.564429521560669,78.6607894897461,0.2000238001346588,addition,43,113
24600,0.0021916660480201244,0.2515069544315338,124.5694808959961,0.20041769742965698,addition,43,113
24700,0.004372630268335342,0.1971132457256317,149.5912628173828,0.2091180980205536,addition,43,113
24800,0.0016385384369641542,0.10712690651416779,131.70001220703125,0.2212260514497757,addition,43,113
24900,0.0005546280299313366,0.05081458017230034,110.92329406738281,0.23256634175777435,addition,43,113
25000,0.00018333479238208383,0.023843446746468544,99.44925689697266,0.24293223023414612,addition,43,113
25100,6.053443212294951e-05,0.012127915397286415,85.73136138916016,0.2524403929710388,addition,43,113
25200,2.0057315850863233e-05,0.0063285669311881065,75.59203338623047,0.26123395562171936,addition,43,113
25300,6.815658252889989e-06,0.003961476963013411,70.19207763671875,0.2696015238761902,addition,43,113
25400,2.430305130474153e-06,0.0030023029539734125,59.2147102355957,0.2774636447429657,addition,43,113
25500,9.441799306841858e-07,0.003191804513335228,53.79592514038086,0.28478214144706726,addition,43,113
25600,4.389887351408106e-07,0.003603916382417083,49.140193939208984,0.29127755761146545,addition,43,113
25700,2.539188130867842e-07,0.003866547020152211,44.447235107421875,0.2972414791584015,addition,43,113
25800,1.433934926353686e-07,0.0038566426374018192,42.73255920410156,0.3055131137371063,addition,43,113
25900,0.0005403293762356043,0.013468376360833645,77.2761459350586,0.30032703280448914,addition,43,113
26000,0.0008200400043278933,0.005070534534752369,102.40865325927734,0.30191171169281006,addition,43,113
26100,0.0014215947594493628,0.004878221079707146,113.66460418701172,0.317592978477478,addition,43,113
26200,0.0005086084711365402,0.0028124821837991476,96.98229217529297,0.32605627179145813,addition,43,113
26300,0.0001734902325551957,0.0022816197015345097,85.27235412597656,0.33128973841667175,addition,43,113
26400,5.795443576062098e-05,0.0022827363573014736,76.41511535644531,0.3349878489971161,addition,43,113
26500,1.9401295503485017e-05,0.001990971155464649,70.72003173828125,0.337636798620224,addition,43,113
26600,6.682436378468992e-06,0.001987341558560729,58.56765365600586,0.3396153450012207,addition,43,113
26700,2.4239275262516458e-06,0.00209624576382339,57.54766845703125,0.3411370515823364,addition,43,113
26800,9.552608162266552e-07,0.0022765728645026684,52.626220703125,0.34216925501823425,addition,43,113
26900,4.379305380552978e-07,0.002385001629590988,47.622459411621094,0.342825710773468,addition,43,113
27000,2.4862757186383533e-07,0.0024977040011435747,44.8440055847168,0.34369713068008423,addition,43,113
27100,1.4756426480744267e-07,0.002958205295726657,55.98777389526367,0.3476192355155945,addition,43,113
27200,0.14430689811706543,0.20784389972686768,6664.7431640625,0.35468560457229614,addition,43,113
27300,0.00034788865013979375,0.005202587228268385,112.07635498046875,0.33323410153388977,addition,43,113
27400,0.0022811281960457563,0.005554609932005405,135.31260681152344,0.34432581067085266,addition,43,113
27500,0.0009597675525583327,0.003830274334177375,125.72606658935547,0.35622087121009827,addition,43,113
27600,0.00033132039243355393,0.0027949914801865816,115.7944564819336,0.35948145389556885,addition,43,113
27700,0.00011273845302639529,0.002313177101314068,105.91341400146484,0.36021170020103455,addition,43,113
27800,3.903065589838661e-05,0.002097482793033123,95.6434097290039,0.36093175411224365,addition,43,113
27900,1.3804324225930031e-05,0.0019666017033159733,91.34017181396484,0.3621217608451843,addition,43,113
28000,5.011844223190565e-06,0.0018601774936541915,84.09329223632812,0.36353132128715515,addition,43,113
28100,1.9053538835578365e-06,0.00186672224663198,79.14430236816406,0.3647564947605133,addition,43,113
28200,7.86158295795758e-07,0.0019598864018917084,76.08088684082031,0.3653585910797119,addition,43,113
28300,3.7823258480784716e-07,0.002003272995352745,68.25765228271484,0.36562496423721313,addition,43,113
28400,2.217977197460641e-07,0.0018891815561801195,83.2782974243164,0.36659201979637146,addition,43,113
28500,1.2207279098674917e-07,0.002123251324519515,2669.056884765625,0.3729461133480072,addition,43,113
28600,0.0005607202183455229,0.006613909732550383,718.8265991210938,0.3450394570827484,addition,43,113
28700,0.0015856173122301698,0.005312261171638966,161.77601623535156,0.34584885835647583,addition,43,113
28800,0.0028825574554502964,0.005958218593150377,168.22654724121094,0.36232540011405945,addition,43,113
28900,0.0010694385273382068,0.0033110480289906263,156.61912536621094,0.36696118116378784,addition,43,113
29000,0.00037456690915860236,0.002116363262757659,150.58055114746094,0.36720049381256104,addition,43,113
29100,0.00013024028157815337,0.0016094680177047849,134.40330505371094,0.36703765392303467,addition,43,113
29200,4.5388267608359456e-05,0.0014316141605377197,128.8870391845703,0.36683598160743713,addition,43,113
29300,1.595749199623242e-05,0.001414859900251031,117.8429183959961,0.3666399419307709,addition,43,113
29400,5.7218662732339e-06,0.0014871627790853381,112.5532455444336,0.36640796065330505,addition,43,113
29500,2.1270886918500764e-06,0.0016710234340280294,100.61805725097656,0.3660062253475189,addition,43,113
29600,8.515833087585634e-07,0.002011722419410944,86.73638153076172,0.3650593161582947,addition,43,113
29700,4.019810830868664e-07,0.0022983101662248373,74.2880630493164,0.3639335334300995,addition,43,113
29800,2.3555503503303044e-07,0.002436903538182378,75.86101531982422,0.3637066185474396,addition,43,113
29900,1.372618356754174e-07,0.0025647911243140697,1356.5531005859375,0.3685881495475769,addition,43,113
30000,0.0076422072015702724,0.020457999780774117,2147.3359375,0.3431103825569153,addition,43,113
30100,0.0011192455422133207,0.0044207400642335415,165.10987854003906,0.3383505642414093,addition,43,113
30200,0.0033451050985604525,0.00667383661493659,163.3341827392578,0.35563936829566956,addition,43,113
30300,0.0013224983122199774,0.003861007047817111,165.58628845214844,0.36490800976753235,addition,43,113
30400,0.0004682974249590188,0.002664703642949462,150.84194946289062,0.3663477301597595,addition,43,113
30500,0.00016425915237050503,0.002176258945837617,157.21311950683594,0.3669086694717407,addition,43,113
30600,5.760457497672178e-05,0.0018334841588512063,150.19403076171875,0.3672060966491699,addition,43,113
30700,2.032735756074544e-05,0.0014106880407780409,143.2913818359375,0.3673578202724457,addition,43,113
30800,7.276958058355376e-06,0.0010756290284916759,146.3768310546875,0.36738187074661255,addition,43,113
30900,2.6898296709987335e-06,0.0007363493205048144,131.00108337402344,0.36722230911254883,addition,43,113
31000,1.0508773584660958e-06,0.0007482466753572226,116.11085510253906,0.3664708137512207,addition,43,113
31100,4.688689898557641e-07,0.0007987223216332495,87.39112854003906,0.36526253819465637,addition,43,113
31200,2.63816644974213e-07,0.0007531406008638442,108.68194580078125,0.3651655912399292,addition,43,113
31300,1.5441179357367218e-07,0.000711156171746552,1410.8416748046875,0.36912062764167786,addition,43,113
31400,0.03260815516114235,0.04998717084527016,3812.398193359375,0.3520580530166626,addition,43,113
31500,0.0008117780089378357,0.0035589858889579773,177.2382354736328,0.34556496143341064,addition,43,113
31600,0.0032812985591590405,0.005472642369568348,169.2863006591797,0.3563897907733917,addition,43,113
31700,0.001315450295805931,0.002631319221109152,167.3227081298828,0.36498820781707764,addition,43,113
31800,0.0004667561734095216,0.0013947011902928352,159.79443359375,0.36662036180496216,addition,43,113
31900,0.0001639163529034704,0.0009249537833966315,157.63052368164062,0.36728182435035706,addition,43,113
32000,5.755377787863836e-05,0.000777671521063894,156.537109375,0.3676369786262512,addition,43,113
32100,2.032950760622043e-05,0.0007732731755822897,149.8210906982422,0.3678506314754486,addition,43,113
32200,7.291276233445387e-06,0.0008359060739167035,148.9332733154297,0.367952436208725,addition,43,113
32300,2.6954633085551905e-06,0.0009294476476497948,154.05117797851562,0.3678796589374542,addition,43,113
32400,1.0544256383582251e-06,0.0010313522070646286,118.0254135131836,0.36728349328041077,addition,43,113
32500,4.705186427145236e-07,0.0010930909775197506,93.77703094482422,0.36635085940361023,addition,43,113
32600,2.642523782014905e-07,0.0011005388805642724,107.7994613647461,0.36630791425704956,addition,43,113
32700,1.5537666797627026e-07,0.0011091047199442983,1381.7431640625,0.36964166164398193,addition,43,113
32800,0.10055838525295258,0.1305578351020813,6829.4892578125,0.3591596484184265,addition,43,113
32900,0.0008613323443569243,0.0039028015453368425,296.05462646484375,0.3410526216030121,addition,43,113
33000,0.003799119498580694,0.006046928931027651,206.741943359375,0.35470113158226013,addition,43,113
33100,0.001592797227203846,0.002865324029698968,234.62657165527344,0.3651394844055176,addition,43,113
33200,0.0005655154818668962,0.001370925921946764,223.0185546875,0.3658941388130188,addition,43,113
33300,0.00019825933850370347,0.0008101194980554283,230.85838317871094,0.3659888207912445,addition,43,113
33400,6.94405534886755e-05,0.0006307060830295086,204.54177856445312,0.36613690853118896,addition,43,113
33500,2.4445469534839503e-05,0.0006237836787477136,206.70144653320312,0.3663720190525055,addition,43,113
33600,8.719686775293667e-06,0.0007058326154947281,188.93597412109375,0.3666580617427826,addition,43,113
33700,3.1981321626517456e-06,0.0008299335022456944,221.39810180664062,0.36691713333129883,addition,43,113
33800,1.2328347338552703e-06,0.0009378093527629972,195.39352416992188,0.3667581081390381,addition,43,113
33900,5.313993938216299e-07,0.0010201947297900915,114.7557373046875,0.3660907745361328,addition,43,113
34000,2.8902800863761513e-07,0.0009795152582228184,121.40694427490234,0.36585861444473267,addition,43,113
34100,1.760437697839734e-07,0.001017324742861092,739.9896850585938,0.3681829273700714,addition,43,113
34200,7.756383268997524e-08,0.0011378992348909378,12927.0546875,0.38413894176483154,addition,43,113
34300,0.0005481007392518222,0.004251162055879831,206.5514373779297,0.3443506062030792,addition,43,113
34400,0.003962173592299223,0.006684095598757267,183.96929931640625,0.3544999659061432,addition,43,113
34500,0.0018573218258097768,0.0036416237708181143,173.5215301513672,0.3663169741630554,addition,43,113
34600,0.0006623844965361059,0.0018481869483366609,182.18223571777344,0.36764708161354065,addition,43,113
34700,0.00023283263726625592,0.0011947007151320577,174.60513305664062,0.3678725063800812,addition,43,113
34800,8.167490886989981e-05,0.0009510650997981429,180.3340606689453,0.36800599098205566,addition,43,113
34900,2.8769663913408294e-05,0.0008465747814625502,170.03428649902344,0.3682032525539398,addition,43,113
35000,1.0250401828670874e-05,0.000816580664832145,191.483154296875,0.3684488832950592,addition,43,113
35100,3.743566594494041e-06,0.0008604361792095006,168.18128967285156,0.3686862587928772,addition,43,113
35200,1.4266504422266735e-06,0.0009406705503351986,180.89920043945312,0.3685442805290222,addition,43,113
35300,5.988474640616914e-07,0.0010979188373312354,114.56169891357422,0.36789441108703613,addition,43,113
35400,3.1573335945722647e-07,0.0012490806402638555,103.99609375,0.3675514757633209,addition,43,113
35500,1.9222883906877541e-07,0.0014391096774488688,497.2458190917969,0.3694533407688141,addition,43,113
35600,8.29796107382208e-08,0.0012786900624632835,9359.9404296875,0.38154336810112,addition,43,113
35700,0.0003974543942604214,0.005220374558120966,726.5117797851562,0.3451912999153137,addition,43,113
35800,0.004286445677280426,0.007638043724000454,228.8929443359375,0.35096409916877747,addition,43,113
35900,0.002578748855739832,0.004572912584990263,260.38134765625,0.36517661809921265,addition,43,113
36000,0.0009411158389411867,0.0025965592358261347,265.7341003417969,0.36657965183258057,addition,43,113
36100,0.0003303528355900198,0.0013919328339397907,287.2311096191406,0.3660550117492676,addition,43,113
36200,0.00011542918946361169,0.0009819871047511697,255.16685485839844,0.3657345771789551,addition,43,113
36300,4.044076194986701e-05,0.0008893119520507753,265.21124267578125,0.3657313287258148,addition,43,113
36400,1.4300151633506175e-05,0.0009081225143745542,278.3395080566406,0.3659733533859253,addition,43,113
36500,5.157541636435781e-06,0.0009482470341026783,260.8936462402344,0.36634743213653564,addition,43,113
36600,1.9317169517307775e-06,0.0009966426296159625,220.8699188232422,0.366599977016449,addition,43,113
36700,7.77754621594795e-07,0.0010030076373368502,151.54348754882812,0.36638495326042175,addition,43,113
36800,3.7869949665036984e-07,0.0009386121528223157,123.3471450805664,0.3663271367549896,addition,43,113
36900,2.241943661829282e-07,0.000979120028205216,325.1312561035156,0.3679439425468445,addition,43,113
37000,1.1653251164034373e-07,0.0011789725394919515,4833.65234375,0.3760925829410553,addition,43,113
37100,0.0004695093084592372,0.006829604972153902,340.94342041015625,0.34339404106140137,addition,43,113
37200,0.002247575204819441,0.005150925368070602,152.72171020507812,0.34645378589630127,addition,43,113
37300,0.002346169203519821,0.00416733929887414,168.74334716796875,0.36399024724960327,addition,43,113
37400,0.0008598397253081203,0.001863000332377851,172.28514099121094,0.36793240904808044,addition,43,113
37500,0.00030348700238391757,0.0009203497902490199,173.80926513671875,0.36852967739105225,addition,43,113
37600,0.00010659226245479658,0.0005314117297530174,197.6805419921875,0.36883148550987244,addition,43,113
37700,3.7513109418796375e-05,0.0004023219516966492,221.6576385498047,0.3691301941871643,addition,43,113
37800,1.3315241631062236e-05,0.00039790867595002055,219.63818359375,0.36946046352386475,addition,43,113
37900,4.8223573685390875e-06,0.00045849598245695233,207.9361572265625,0.3697945475578308,addition,43,113
38000,1.8139396615879377e-06,0.0005735208396799862,212.0531768798828,0.36990776658058167,addition,43,113
38100,7.388482572423527e-07,0.0006195717724040151,174.6692352294922,0.3695151209831238,addition,43,113
38200,3.63883970067036e-07,0.0005693630082532763,135.8885498046875,0.368855744600296,addition,43,113
38300,2.1899646185374877e-07,0.0006078036385588348,315.2532653808594,0.36950820684432983,addition,43,113
38400,1.1550537948323836e-07,0.000931465532630682,4859.39599609375,0.3766484558582306,addition,43,113
38500,0.000536957522854209,0.010858002118766308,381.2249755859375,0.3387032449245453,addition,43,113
38600,0.0028769669588655233,0.007430053781718016,161.1131591796875,0.3417799472808838,addition,43,113
38700,0.003251871094107628,0.005669433157891035,170.08607482910156,0.3613775074481964,addition,43,113
38800,0.0012030011275783181,0.002557444153353572,172.5226593017578,0.36421483755111694,addition,43,113
38900,0.00042248182580806315,0.0013946840772405267,186.70510864257812,0.36308804154396057,addition,43,113
39000,0.00014750151603948325,0.0010662077693268657,178.848388671875,0.3621484339237213,addition,43,113
39100,5.1589759095804766e-05,0.0011016469215974212,199.44711303710938,0.3615722060203552,addition,43,113
39200,1.818426426325459e-05,0.0010288739576935768,182.8646240234375,0.3612842559814453,addition,43,113
39300,6.521216164401267e-06,0.0008875474450178444,163.0806427001953,0.361203134059906,addition,43,113
39400,2.415929202470579e-06,0.0008068112074397504,176.11080932617188,0.3611433207988739,addition,43,113
39500,9.508102039035293e-07,0.0007791617535986006,134.63949584960938,0.36067965626716614,addition,43,113
39600,4.3743261812778655e-07,0.0008250336977653205,103.0812759399414,0.3601551055908203,addition,43,113
39700,2.5401223524568195e-07,0.0009833067888393998,134.33984375,0.36052265763282776,addition,43,113
39800,1.5108140871689102e-07,0.0012101655593141913,1360.4012451171875,0.3647374212741852,addition,43,113
39900,0.17482268810272217,0.25725141167640686,11417.23828125,0.36939430236816406,addition,43,113
40000,0.0005566690233536065,0.0023208220954984426,341.90521240234375,0.34696638584136963,addition,43,113
